{"cameraMode":{"drawMode":0,"name":"Shaded","section":"Shading Mode"},"sceneLighting":false,"audioPlay":false,"sceneViewState":{"showFog":true,"showMaterialUpdate":false,"showSkybox":true,"showFlares":true,"showImageEffects":true,"showParticleSystems":true},"in2DMode":false,"pivot":{"x":-0.690186083316803,"y":0.5885086059570313,"z":-0.3664787709712982},"rotation":{"x":-0.4804442226886749,"y":-0.5169004797935486,"z":0.4631647765636444,"w":-0.5361582636833191},"size":3.7126224040985109,"orthographic":false}