{"cameraMode":{"drawMode":0,"name":"Shaded","section":"Shading Mode"},"sceneLighting":false,"audioPlay":false,"sceneViewState":{"showFog":true,"showMaterialUpdate":false,"showSkybox":true,"showFlares":true,"showImageEffects":true,"showParticleSystems":true},"in2DMode":false,"pivot":{"x":49.301002502441409,"y":132.41024780273438,"z":46.44480895996094},"rotation":{"x":0.027394037693738939,"y":-0.01373843103647232,"z":-0.00037644582334905863,"w":-0.9995302557945252},"size":8.345114707946778,"orthographic":false}