{"cameraMode":{"drawMode":0,"name":"Shaded","section":"Shading Mode"},"sceneLighting":false,"audioPlay":false,"sceneViewState":{"showFog":true,"showMaterialUpdate":false,"showSkybox":true,"showFlares":true,"showImageEffects":true,"showParticleSystems":true},"in2DMode":false,"pivot":{"x":-4.745144367218018,"y":-14.108366012573243,"z":-12.186199188232422},"rotation":{"x":-0.4624318480491638,"y":-0.12198597192764282,"z":0.06440886855125427,"w":-0.8758583664894104},"size":12.375000953674317,"orthographic":false}