{"cameraMode":{"drawMode":0,"name":"Shaded","section":"Shading Mode"},"sceneLighting":false,"audioPlay":false,"sceneViewState":{"showFog":true,"showMaterialUpdate":false,"showSkybox":true,"showFlares":true,"showImageEffects":true,"showParticleSystems":true},"in2DMode":false,"pivot":{"x":-2.9655535221099855,"y":0.2409123182296753,"z":-4.615067481994629},"rotation":{"x":-0.036934852600097659,"y":0.9515158534049988,"z":-0.12643039226531983,"w":-0.2779726982116699},"size":6.341153144836426,"orthographic":false}