{"cameraMode":{"drawMode":0,"name":"Shaded","section":"Shading Mode"},"sceneLighting":false,"audioPlay":false,"sceneViewState":{"showFog":true,"showMaterialUpdate":false,"showSkybox":true,"showFlares":true,"showImageEffects":true,"showParticleSystems":true},"in2DMode":false,"pivot":{"x":27.562532424926759,"y":33.75582504272461,"z":21.332565307617189},"rotation":{"x":-0.26815521717071535,"y":0.6946373581886292,"z":-0.31712356209754946,"w":-0.5873708128929138},"size":4.772430896759033,"orthographic":false}