{"cameraMode":{"drawMode":0,"name":"Shaded","section":"Shading Mode"},"sceneLighting":false,"audioPlay":false,"sceneViewState":{"showFog":true,"showMaterialUpdate":false,"showSkybox":true,"showFlares":true,"showImageEffects":true,"showParticleSystems":true},"in2DMode":false,"pivot":{"x":1.0069555044174195,"y":8.625611305236817,"z":0.5454115867614746},"rotation":{"x":-0.3684958517551422,"y":-0.40424618124961855,"z":0.18232236802577973,"w":-0.8170400261878967},"size":2.541658639907837,"orthographic":false}