{"cameraMode":{"drawMode":0,"name":"Shaded","section":"Shading Mode"},"sceneLighting":false,"audioPlay":false,"sceneViewState":{"showFog":true,"showMaterialUpdate":false,"showSkybox":true,"showFlares":true,"showImageEffects":true,"showParticleSystems":true},"in2DMode":false,"pivot":{"x":-38.90999984741211,"y":2.3400001525878908,"z":50.95000076293945},"rotation":{"x":-0.25336748361587527,"y":-0.695395290851593,"z":0.29051363468170168,"w":-0.6064916849136353},"size":14.289420127868653,"orthographic":false}