{"cameraMode":{"drawMode":0,"name":"Shaded","section":"Shading Mode"},"sceneLighting":false,"audioPlay":false,"sceneViewState":{"showFog":true,"showMaterialUpdate":false,"showSkybox":true,"showFlares":true,"showImageEffects":true,"showParticleSystems":true},"in2DMode":false,"pivot":{"x":299.3642272949219,"y":2.1987688541412355,"z":320.377197265625},"rotation":{"x":0.5898056626319885,"y":0.06953174620866776,"z":-0.051066551357507709,"w":0.8029239773750305},"size":8.160110473632813,"orthographic":false}