{"cameraMode":{"drawMode":0,"name":"Shaded","section":"Shading Mode"},"sceneLighting":false,"audioPlay":false,"sceneViewState":{"showFog":true,"showMaterialUpdate":false,"showSkybox":true,"showFlares":true,"showImageEffects":true,"showParticleSystems":true},"in2DMode":false,"pivot":{"x":-1.308844804763794,"y":-0.3971061706542969,"z":0.6302074193954468},"rotation":{"x":0.11374825984239578,"y":-0.42475220561027529,"z":0.053888849914073947,"w":0.8965170979499817},"size":2.8578836917877199,"orthographic":false}