{"cameraMode":{"drawMode":0,"name":"Shaded","section":"Shading Mode"},"sceneLighting":false,"audioPlay":false,"sceneViewState":{"showFog":true,"showMaterialUpdate":false,"showSkybox":true,"showFlares":true,"showImageEffects":true,"showParticleSystems":true},"in2DMode":false,"pivot":{"x":0.0,"y":2.500000476837158,"z":-3.000000476837158},"rotation":{"x":0.5898056626319885,"y":0.06953174620866776,"z":-0.051066551357507709,"w":0.8029239773750305},"size":19.031597137451173,"orthographic":false}