{"cameraMode":{"drawMode":0,"name":"Shaded","section":"Shading Mode"},"sceneLighting":false,"audioPlay":false,"sceneViewState":{"showFog":true,"showMaterialUpdate":false,"showSkybox":true,"showFlares":true,"showImageEffects":true,"showParticleSystems":true},"in2DMode":false,"pivot":{"x":297.9888000488281,"y":2.0261547565460207,"z":317.5858154296875},"rotation":{"x":0.43830591440200808,"y":0.34340423345565798,"z":-0.18592405319213868,"w":0.809563934803009},"size":8.719605445861817,"orthographic":false}