{"cameraMode":{"drawMode":0,"name":"Shaded","section":"Shading Mode"},"sceneLighting":false,"audioPlay":false,"sceneViewState":{"showFog":true,"showMaterialUpdate":false,"showSkybox":true,"showFlares":true,"showImageEffects":true,"showParticleSystems":true},"in2DMode":false,"pivot":{"x":-1.4576873779296876,"y":-1.0384371280670167,"z":-3.3404994010925295},"rotation":{"x":-0.049278624355793,"y":0.9460156559944153,"z":-0.26974305510520937,"w":-0.17281414568424226},"size":5.154954433441162,"orthographic":false}